"","ext_gene","qval","log2_FC_2","log2_FC_4"
"177","CASC2",0.0118202236053371,0.737345912655724,0.57563804116565
"178","CASC2",0.00125782865113881,-1.88318732355902,-1.33156261388468
"134","HOTAIRM1",0.000580657633958949,0.202512898705221,-1.49008152309674
"143","HOTAIRM1",0.0977380934597954,-1.42164515226548,-2.44636809426401
"484","PVT1",0.0470522163281605,-0.596911601588752,2.1699628908148
