"","target_id","gene_id","qvalue","FC_log2"
"4","ENST00000499077.2","NUDT16P1",3.99291372946537e-07,-1.15240612944654
"6","ENST00000661344.1","AC008780.1",2.57003828904233e-05,-3.20866186415654
"5","ENST00000656081.1","AC026748.7",7.07053699098618e-05,-1.20204154618259
"1","ENST00000368452.7","PKIB",7.61318158813306e-05,-1.76478154395287
"3","ENST00000413077.1","ZNF232-AS1",8.69483629374654e-05,-3.78160346689565
"2","ENST00000368921.5","MLLT11",9.22019428402508e-05,-1.18827749560336
